Arena,School,City,State,Conference,Capacity,Opened,Wins,Losses,Conference Wins,Conference Losses,PPG_Scored,PPG_Allowed,Simple Rating System,Strength of Schedule,NCAA Tourney,Home Games,Total Attendance,Average Attendance,FTE
Harry A. Gampel Pavilion,University of Connecticut,Storrs,CT,AAC,10167,1990,14,18,7,11,68.2,73.1,1.08,6.05,0,16,125271,7829.438,24221
CFE Arena,University of Central Florida,Orlando,FL,AAC,9465,2007,19,13,9,9,62.7,61.7,4.75,3.75,0,16,74174,4635.875,44563
Yuengling Center,University of South Florida-Main Campus,Tampa,FL,AAC,10411,1980,10,22,3,15,63.3,70.6,-7.27,0.05,0,18,46244,2569.111,31602
Charles Koch Arena,Wichita State University,Wichita,KS,AAC,10506,1955,25,8,14,4,82.8,71.6,16.58,5.46,1,16,172594,10787.125,9992
Devlin Fieldhouse,Tulane University of Louisiana,New Orleans,LA,AAC,3600,1933,14,17,5,13,73.2,74.1,1.21,2.08,0,16,25771,1610.688,10486
Williams Arena at Minges Coliseum,East Carolina University,Greenville,NC,AAC,8000,1968,10,20,4,14,66.4,74.9,-8.72,-0.22,0,19,63899,3363.105,22652
Fifth Third Arena,University of Cincinnati-Main Campus,Cincinnati,OH,AAC,12012,1989,31,5,16,2,74.3,57.5,20.25,3.53,1,16,129303,8081.438,28080
Reynolds Center,University of Tulsa,Tulsa,OK,AAC,8355,1998,19,12,12,6,73.5,70.9,4.96,2.38,0,15,67762,4517.467,3934
Liacouras Center,Temple University,Philadelphia,PA,AAC,10205,1997,17,16,8,10,69.9,70.5,7.25,7.79,0,13,82213,6324.077,34253
FedExForum,University of Memphis,Memphis,TN,AAC,18119,2004,21,13,10,8,70.8,71.2,1.8,2.16,0,19,118277,6225.105,14275
Fertitta Center,University of Houston,Houston,TX,AAC,7100,1969,27,8,14,4,76.7,64.9,15.99,4.16,1,15,54919,3661.267,33123
Moody Coliseum,Southern Methodist University,University Park,TX,AAC,7000,1956,17,16,6,12,69.5,64.1,9.08,3.66,0,18,119878,6659.889,9053
Watsco Center,University of Miami,Coral Gables,FL,ACC,7972,2003,22,10,11,7,73.8,67.9,12.83,6.96,1,14,99639,7117.071,15610
Donald L. Tucker Civic Center,Florida State University,Tallahassee,FL,ACC,12100,1981,23,12,9,9,80.2,72.9,15.79,8.5,1,15,127685,8512.333,35050
Hank McCamish Pavilion,Georgia Institute of Technology-Main Campus,Atlanta,GA,ACC,8600,1956,13,19,6,12,65.7,67.9,5.25,7.47,0,19,123843,6518.053,20483
Edmund P. Joyce Center,University of Notre Dame,Notre Dame,IN,ACC,9149,1968,21,15,8,10,74.7,69,13.65,7.94,0,17,132212,7777.176,12255
KFC Yum! Center,University of Louisville,Louisville,KY,ACC,22090,2010,22,14,9,9,75.6,70.4,14.3,9.08,0,22,371427,16883.045,16092
Conte Forum,Boston College,Chestnut Hill,MA,ACC,8606,1988,19,16,7,11,76.4,74.6,9,7.2,0,17,87731,5160.647,13209
Dean Smith Center,University of North Carolina at Chapel Hill,Chapel Hill,NC,ACC,21750,1986,26,11,11,7,81.6,73.3,20.08,11.78,1,15,275681,18378.733,25108
Cameron Indoor Stadium,Duke University,Durham,NC,ACC,9314,1940,29,8,13,5,84.4,69.6,24.44,9.71,1,16,149024,9314,15329
PNC Arena,North Carolina State University at Raleigh,Raleigh,NC,ACC,19557,1999,21,12,11,7,81.3,75.1,12.91,6.7,1,19,289807,15253,27415
Lawrence Joel Veterans Memorial Coliseum,Wake Forest University,Winston-Salem,NC,ACC,14665,1989,11,20,4,14,73.3,74.4,7.76,8.79,0,16,134807,8425.438,7648
Carrier Dome,Syracuse University,Syracuse,NY,ACC,35446,1980,23,14,8,10,66.6,63.8,12.89,10.02,1,19,407778,21462,19238
Petersen Events Center,University of Pittsburgh-Pittsburgh Campus,Pittsburgh,PA,ACC,12508,2002,8,24,0,18,62,72.4,-1.87,8.47,0,18,74103,4116.833,25797
Littlejohn Coliseum,Clemson University,Clemson,SC,ACC,10000,1968,25,10,11,7,73.8,65.9,17.17,9.25,1,16,123895,7743.438,21491
Cassell Coliseum,Virginia Polytechnic Institute and State University,Blacksburg,VA,ACC,10052,1962,21,12,10,8,79.8,72.2,14.35,6.72,1,18,138205,7678.056,31564
John Paul Jones Arena,University of Virginia-Main Campus,Charlottesville,VA,ACC,14593,2006,31,3,17,1,67.1,54,22.21,9.07,1,17,236703,13923.706,22167
Chase Arena,University of Hartford,Hartford,CT,America East,4017,1990,19,14,11,5,70.2,70.5,-5.54,-5.26,0,16,22536,1408.5,5109
Costello Athletic Center,University of Massachusetts-Lowell,Lowell,MA,America East,2100,1964,12,18,6,10,75.3,79.1,-9.54,-5.78,0,16,17913,1119.563,11762
UMBC Event Center,University of Maryland-Baltimore County,Catonsville,MD,America East,5000,2018,25,11,12,4,71.6,69.8,-2.02,-3.84,1,17,19645,1155.588,10669
Cross Insurance Center,University of Maine,Bangor,ME,America East,5800,2013,6,26,3,13,65.4,76.7,-14.64,-3.28,0,12,12344,1028.667,9007
Lundholm Gym,University of New Hampshire-Main Campus,Durham,NH,America East,3500,1938,10,21,6,10,65.4,69.5,-8.38,-4.32,0,15,7219,481.267,13984
SEFCU Arena,SUNY at Albany,Guilderland,NY,America East,4538,1992,22,10,10,6,73.3,67.9,0.01,-5.41,0,17,42063,2474.294,14849
Island Federal Credit Union Arena,Stony Brook University,Stony Brook,NY,America East,4160,1967,13,19,7,9,67.9,70.7,-5.09,-2.28,0,14,38114,2722.429,21770
Binghamton University Events Center,Binghamton University,Vestal,NY,America East,5142,2004,11,20,2,14,66.8,70.7,-10.29,-6.36,0,14,36722,2623,15442
Patrick Gym,University of Vermont,Burlington,VT,America East,3228,1963,27,8,15,1,73.4,65.4,4.89,-3.17,0,14,41012,2929.429,11871
Edmunds Center,Stetson University,DeLand,FL,ASUN,5000,1974,12,20,4,10,73.1,79.1,-12.38,-6.46,0,16,10901,681.313,4067
Alico Arena,Florida Gulf Coast University,Fort Myers,FL,ASUN,4500,2002,23,12,12,2,81.1,73.7,1.93,-5.44,0,20,73114,3655.7,11431
Swisher Gymnasium,Jacksonville University,Jacksonville,FL,ASUN,1500,1953,15,18,8,6,70.4,77.7,-13.39,-6.12,0,16,12972,810.75,2615
UNF Arena,University of North Florida,Jacksonville,FL,ASUN,5800,1993,14,19,7,7,79.3,88.9,-11.4,-1.74,0,12,21703,1808.583,11089
KSU Convocation Center,Kennesaw State University,Kennesaw,GA,ASUN,4792,2003,10,20,6,8,71.7,78.5,-11.17,-4.31,0,14,16056,1146.857,25768
Wellness and Events Center,New Jersey Institute of Technology,Newark,NJ,ASUN,3500,2017,14,16,7,7,72.6,74.3,-7.25,-5.53,0,17,12862,756.588,8214
G. B. Hodge Center,University of South Carolina-Upstate,Spartanburg,SC,ASUN,878,1973,7,25,2,12,74.9,88,-17.46,-4.35,0,13,8404,646.462,4596
Allen Arena,Lipscomb University,Nashville,TN,ASUN,5028,2001,23,10,10,4,80.4,78.7,-2.1,-3.8,1,15,22420,1494.667,4214
Charles E. Smith Center,George Washington University,Washington,DC,Atlantic 10,5000,1975,15,18,7,11,67.4,70.3,-0.72,2.13,0,17,45019,2648.176,18668
William D. Mullins Memorial Center,University of Massachusetts-Amherst,Amherst,MA,Atlantic 10,9493,1993,13,20,5,13,71.9,74.7,-1.66,1.1,0,17,50901,2994.176,24142
Chaifetz Arena,Saint Louis University,St. Louis,MO,Atlantic 10,10600,2008,17,16,9,9,65.5,65.8,2.58,2.92,0,18,112237,6235.389,10707
John M. Belk Arena,Davidson College,Davidson,NC,Atlantic 10,5223,1989,21,12,13,5,76.3,67.9,11.02,2.57,1,13,55600,4276.923,1810
Rose Hill Gymnasium,Fordham University,Bronx,NY,Atlantic 10,3200,1925,9,22,4,14,62.3,70.3,-6.74,1.26,0,17,26638,1566.941,13390
Reilly Center,St Bonaventure University,St. Bonaventure,NY,Atlantic 10,5480,1966,26,8,14,4,77.1,70.8,8.87,2.61,1,14,60007,4286.214,1772
University of Dayton Arena,University of Dayton,Dayton,OH,Atlantic 10,13435,1969,14,17,8,10,72.4,73.5,1.64,2.7,0,16,207950,12996.875,9811
Tom Gola Arena,La Salle University,Philadelphia,PA,Atlantic 10,3400,1998,13,19,7,11,72.9,73.8,1.7,2.54,0,14,26755,1911.071,3592
Hagan Arena,Saint Joseph's University,Philadelphia,PA,Atlantic 10,4200,1949,16,16,10,8,74.1,72.2,3.78,1.9,0,13,47946,3688.154,4904
Palumbo Center,Duquesne University,Pittsburgh,PA,Atlantic 10,4406,1988,16,16,7,11,72.4,70.2,-1.08,-3.33,0,19,34464,1813.895,8708
Ryan Center,University of Rhode Island,Kingston,RI,Atlantic 10,7657,2002,26,8,15,3,76,68.8,11.81,4.61,1,16,99466,6216.625,14426
EagleBank Arena,George Mason University,Fairfax,VA,Atlantic 10,10000,1985,16,17,9,9,71.8,75.7,-2.99,0.83,0,17,69491,4087.706,24648
Robins Center,Virginia Commonwealth University,Richmond,VA,Atlantic 10,7201,1972,12,20,9,9,71.8,75.6,-0.17,3.61,0,15,97379,6491.933,25122
Siegel Center,University of Richmond,Richmond,VA,Atlantic 10,7617,1999,18,15,9,9,76,74.8,3.55,2.42,0,18,137466,7637,3478
Hilton Coliseum,Iowa State University,Ames,IA,Big 12,14376,1971,13,18,4,14,72.8,75.5,6.88,9.49,0,16,225941,14121.313,32169
Allen Fieldhouse,University of Kansas,Lawrence,KS,Big 12,16300,1955,31,8,13,5,81.4,71.9,21.39,11.87,1,18,294206,16344.778,22888
Bramlage Coliseum,Kansas State University,Manhattan,KS,Big 12,12528,1988,25,12,10,8,71.1,67,12.84,8.74,1,18,156801,8711.167,19359
Lloyd Noble Center,University of Oklahoma-Norman Campus,Norman,OK,Big 12,11528,1973,18,14,8,10,84.9,81.7,13.81,10.56,1,15,153799,10253.267,22128
Gallagher-Iba Arena,Oklahoma State University-Main Campus,Stillwater,OK,Big 12,13611,1938,21,15,8,10,76.6,73.3,12.45,9.12,0,21,147230,7010.952,19933
Frank Erwin Center,The University of Texas at Austin,Austin,TX,Big 12,16734,1977,19,15,8,10,72.1,68.8,13.96,10.67,1,17,180232,10601.882,47980
Schollmaier Arena,Texas Christian University,Fort Worth,TX,Big 12,8500,1961,21,12,9,9,82.1,75.4,16.38,9.68,1,18,118101,6561.167,10092
United Supermarkets Arena,Texas Tech University,Lubbock,TX,Big 12,15020,1999,27,10,11,7,74.6,64.8,19.38,9.6,1,18,193319,10739.944,31239
Ferrell Center,Baylor University,Waco,TX,Big 12,10347,1988,19,15,8,10,74.7,69.3,14.59,9.17,0,19,120304,6331.789,16308
WVU Coliseum,West Virginia University,Morgantown,WV,Big 12,14000,1970,26,11,11,7,80.1,69.6,19.88,9.36,1,17,209164,12303.765,25154
Capital One Arena,Georgetown University,Washington,DC,Big East,20308,1997,15,15,5,13,78.3,76.5,7.16,5.29,0,19,143093,7531.211,14585
Wintrust Arena,DePaul University,Chicago,IL,Big East,10387,2017,11,20,4,14,71.9,73.8,6.55,8.45,0,16,98354,6147.125,18345
Hinkle Fieldhouse,Butler University,Indianapolis,IN,Big East,9100,1928,21,14,9,9,78.9,72.6,16.92,10.55,1,17,145430,8554.706,4635
CHI Health Center Omaha,Creighton University,Omaha,NE,Big East,18320,2003,21,12,10,8,83.2,74.9,16.35,8.1,1,18,306000,17000,6840
Prudential Center,Seton Hall University,Newark,NJ,Big East,18711,2007,22,12,10,8,79.4,73.9,15.67,10.11,1,17,143766,8456.824,7265
Madison Square Garden,St John's University-New York,New York,NY,Big East,19812,1968,16,17,4,14,73.2,73.6,10.29,10.69,0,18,164415,9134.167,14213
Cintas Center,Xavier University,Cincinnati,OH,Big East,10250,2000,29,6,15,3,84.4,74.7,19.08,9.45,1,18,188554,10475.222,5008
Finneran Pavilion,Villanova University,Villanova,PA,Big East,6500,1986,36,4,14,4,86.6,70.2,26.64,10.24,1,13,153775,11828.846,7786
Dunkin' Donuts Center,Providence College,Providence,RI,Big East,12400,1972,21,14,10,8,73.6,72.7,11.12,10.23,1,17,162315,9547.941,4055
Fiserv Forum,Marquette University,Milwaukee,WI,Big East,17500,2018,21,14,9,9,81.3,78.5,12.5,9.7,0,20,246469,12323.45,10191
Walkup Skydome,Northern Arizona University,Flagstaff,AZ,Big Sky,11230,1977,5,27,2,16,65,78.7,-14.66,-1.03,0,12,7950,662.5,23899
Hornets Nest,California State University-Sacramento,Sacramento,CA,Big Sky,1012,1955,7,25,4,14,66.2,74.4,-8.91,-0.74,0,13,7934,610.308,25079
Bank of Colorado Arena,University of Northern Colorado,Greeley,CO,Big Sky,2992,1975,26,12,11,7,79.8,73.8,3.61,-2.27,0,17,24471,1439.471,9367
Cowan Spectrum,University of Idaho,Moscow,ID,Big Sky,7000,1975,22,9,14,4,74.3,69.6,0.82,-3.94,0,13,23241,1787.769,8508
Holt Arena,Idaho State University,Pocatello,ID,Big Sky,8000,1970,14,16,9,9,73.1,75.1,-5.77,-3.7,0,14,22645,1617.5,7545
Worthington Arena,Montana State University,Bozeman,MT,Big Sky,7250,1957,13,19,6,12,74.2,79.4,-8.69,-3.53,0,14,43102,3078.714,12992
Dahlberg Arena,The University of Montana,Missoula,MT,Big Sky,7321,1953,26,8,16,2,77.1,68.6,6.28,-2.25,1,14,56568,4040.571,8659
Betty Engelstad Sioux Center,University of North Dakota,Grand Forks,ND,Big Sky,3300,2004,12,20,6,12,75.5,83,-7.63,-0.2,0,13,24245,1865,10275
Peter Stott Center,Portland State University,Portland,OR,Big Sky,2000,1966,20,14,9,9,82.1,81.2,-0.14,-1.05,0,13,7885,606.538,16624
America First Events Center,Southern Utah University,Cedar City,UT,Big Sky,5300,1985,13,19,5,13,74.8,81.6,-7.64,-0.88,0,14,33518,2394.143,6485
Dee Events Center,Weber State University,Ogden,UT,Big Sky,11500,1977,20,11,13,5,76.1,73.2,0.01,-2.88,0,15,101683,6778.867,11664
Reese Court,Eastern Washington University,Cheney,WA,Big Sky,6000,1981,20,15,13,5,74,72.5,-0.03,-1.55,0,12,19538,1628.167,10845
Kimmel Arena,University of North Carolina at Asheville,Asheville,NC,Big South,3200,2011,21,13,13,5,74,74.3,-3.92,-3.57,0,17,29655,1744.412,3286
Paul Porter Arena,Gardner-Webb University,Boiling Springs,NC,Big South,5000,1982,14,18,9,9,67,72.9,-9.68,-3.79,0,13,14438,1110.615,1985
"John W. Pope, Jr. Convocation Center",Campbell University,Buies Creek,NC,Big South,3095,2008,18,16,10,8,73.7,72.7,-5.68,-6.68,0,18,26251,1458.389,5630
Millis Athletic Convocation Center,High Point University,High Point,NC,Big South,1750,1992,14,16,9,9,67.7,68,-6.74,-6.37,0,15,17727,1181.8,4844
Templeton Physical Education Center,Presbyterian College,Clinton,SC,Big South,2300,1975,11,21,4,14,63.3,72.1,-14.32,-5.53,0,15,5815,387.667,1230
CSU Field House,Charleston Southern University,North Charleston,SC,Big South,881,1965,15,16,9,9,68.8,70.8,-8.15,-6.15,0,15,9604,640.267,2860
Winthrop Coliseum,Winthrop University,Rock Hill,SC,Big South,6100,1982,19,12,12,6,76.7,72.5,-1.63,-5.84,0,14,29705,2121.786,4953
Willett Hall,Longwood University,Farmville,VA,Big South,1807,1980,7,26,3,15,61.2,75.2,-18.31,-4.31,0,16,19973,1248.313,4102
Vines Center,Liberty University,Lynchburg,VA,Big South,9547,1990,22,15,9,9,68.9,65.3,-2.67,-6.23,0,21,42938,2044.667,37806
Dedmon Center,Radford University,Radford,VA,Big South,3205,1981,23,13,12,6,66.9,65.4,-2.61,-4.08,1,13,20733,1594.846,8603
Carver?Hawkeye Arena,University of Iowa,Iowa City,IA,Big Ten,15500,1983,14,19,4,14,79.7,78.7,8.13,7.13,0,15,180391,12026.067,25972
State Farm Center,University of Illinois at Urbana-Champaign,Champaign,IL,Big Ten,16618,1963,14,18,4,14,75.2,74.2,8.5,7.53,0,18,227051,12613.944,42850
Welsh-Ryan Arena,Northwestern University,Evanston,IL,Big Ten,7039,1952,15,17,6,12,68.3,67.1,9.63,8.37,0,17,110306,6488.588,17664
Simon Skjodt Assembly Hall,Indiana University-Bloomington,Bloomington,IN,Big Ten,17472,1971,16,15,9,9,71.9,70.3,9.89,8.25,0,18,280631,15590.611,38505
Mackey Arena,Purdue University-Main Campus,West Lafayette,IN,Big Ten,14848,1967,30,7,15,3,80.4,65.7,23.41,8.74,1,17,243844,14343.765,36719
Xfinity Center,University of Maryland-College Park,College Park,MD,Big Ten,17950,2002,19,13,8,10,73,67.1,13.78,7.94,0,18,264164,14675.778,35815
Crisler Center,University of Michigan-Ann Arbor,Ann Arbor,MI,Big Ten,12707,1967,33,8,13,5,72.9,63.3,19.03,9.41,1,16,173948,10871.75,43517
Breslin Student Events Center,Michigan State University,East Lansing,MI,Big Ten,14797,1989,30,5,16,2,80.2,64.9,22.41,7.1,1,17,251549,14797,43507
Williams Arena,University of Minnesota-Twin Cities,Minneapolis,MN,Big Ten,14625,1928,15,17,4,14,75.2,75.1,7.01,6.91,0,17,201454,11850.235,39705
Pinnacle Bank Arena,University of Nebraska-Lincoln,Lincoln,NE,Big Ten,15147,2013,22,11,13,5,72.3,68.6,10.99,7.32,0,17,263367,15492.176,22253
Louis Brown Athletic Center,Rutgers University-New Brunswick,Piscataway,NJ,Big Ten,8000,1977,15,19,3,15,64.3,65.6,5.5,6.83,0,22,104698,4759,42194
Value City Arena,Ohio State University-Main Campus,Columbus,OH,Big Ten,18809,1998,25,9,15,3,76.2,67.6,17.67,9.03,1,18,242916,13495.333,52057
Bryce Jordan Center,Pennsylvania State University-Main Campus,University Park,PA,Big Ten,15261,1996,26,13,9,9,74.7,66.7,15.85,7.79,0,19,136745,7197.105,45336
Kohl Center,University of Wisconsin-Madison,Madison,WI,Big Ten,17249,1998,15,18,7,11,66.8,66,10.38,9.5,0,18,310901,17272.278,38568
The Pavilion at ARC,University of California-Davis,Davis,CA,Big West,7600,1977,22,11,12,4,71.3,68.6,0.94,-1.84,0,12,25407,2117.25,36047
Titan Gym,California State University-Fullerton,Fullerton,CA,Big West,4000,1964,20,12,10,6,71.8,71.7,-0.92,-1.02,1,14,19004,1357.429,31157
Bren Events Center,University of California-Irvine,Irvine,CA,Big West,4984,1987,18,17,11,5,67.8,67.7,-0.21,-0.33,0,12,22134,1844.5,34452
Walter Pyramid,California State University-Long Beach,Long Beach,CA,Big West,5000,1994,15,18,9,7,74.6,79.3,-3.75,0.89,0,13,35210,2708.462,30980
Matadome,California State University-Northridge,Northridge,CA,Big West,2400,1962,6,24,3,13,64.8,74.8,-13.51,-3.55,0,13,9992,768.615,32005
Student Recreation Center Arena,University of California-Riverside,Riverside,CA,Big West,3168,1994,9,22,4,12,64.1,71,-8.5,-1.53,0,14,9131,652.214,22733
Mott Gym,California Polytechnic State University-San Luis Obispo,San Luis Obispo,CA,Big West,3032,1960,9,22,4,12,66.7,76.4,-11.55,-1.83,0,13,23813,1831.769,21375
UC Santa Barbara Events Center,University of California-Santa Barbara,Santa Barbara,CA,Big West,5600,1979,23,9,11,5,75.2,69.8,2.1,-3.36,0,14,29728,2123.429,24465
Stan Sheriff Center,University of Hawaii at Manoa,Honolulu,HI,Big West,10300,1994,17,13,8,8,69.1,68.9,-2.32,-2.5,0,20,115879,5793.95,13292
Bob Carpenter Center,University of Delaware,Newark,DE,CAA,5000,1992,14,19,6,12,69.6,73.5,-6.93,-2.96,0,15,40695,2713,21384
Matthews Arena,Northeastern University,Boston,MA,CAA,6000,1910,23,10,14,4,74.7,69.4,3.64,-1.61,0,14,15993,1142.357,20616
SECU Arena,Towson University,Towson,MD,CAA,5200,2013,18,14,8,10,75.6,72.6,-0.14,-3.14,0,13,20331,1563.923,18174
Schar Center,Elon University,Elon,NC,CAA,5100,2018,14,18,6,12,72.2,77.4,-6.89,-1.69,0,13,20693,1591.769,6539
Trask Coliseum,University of North Carolina Wilmington,Wilmington,NC,CAA,5200,1977,11,21,7,11,77.9,84.2,-7.52,-1.15,0,13,55442,4264.769,13200
Hofstra Arena,Hofstra University,Hempstead,NY,CAA,5124,2000,19,12,12,6,78.6,77.5,-0.53,-1.6,0,13,23819,1832.231,9497
Daskalakis Athletic Center,Drexel University,Philadelphia,PA,CAA,2509,1974,13,20,6,12,73.7,78.4,-7.2,-2.48,0,14,13846,989,18014
TD Arena,College of Charleston,Charleston,SC,CAA,5100,2008,26,8,14,4,74.7,69.5,1.83,-3.29,1,14,53976,3855.429,9342
James Madison University Convocation Center,James Madison University,Harrisonburg,VA,CAA,7156,1982,10,22,6,12,72.9,76.3,-5.47,-2.15,0,14,37305,2664.643,19925
Kaplan Arena,College of William and Mary,Williamsburg,VA,CAA,8600,1971,19,12,11,7,83,83,-1.36,-1.32,0,14,49109,3507.786,7965
Bartow Arena,University of Alabama at Birmingham,Birmingham,AL,C-USA,8508,1988,20,13,10,8,76.3,70.7,4.9,-0.65,0,17,63396,3729.176,13734
FAU Arena,Florida Atlantic University,Boca Raton,FL,C-USA,5000,1984,12,19,6,12,66.7,71.9,-5.36,-0.14,0,14,16636,1188.286,18527
Ocean Bank Convocation Center,Florida International University,Miami,FL,C-USA,5000,1986,14,18,8,10,70.2,72.5,-4.3,-1.99,0,17,21550,1267.647,33067
E. A. Diddle Arena,Western Kentucky University,Bowling Green,KY,C-USA,7326,1963,27,11,14,4,78.3,70.8,11.08,3.65,0,17,93286,5487.412,13798
Thomas Assembly Center,Louisiana Tech University,Ruston,LA,C-USA,8098,1982,17,16,7,11,72.6,71.1,1.33,-0.12,0,16,55167,3447.938,8910
Reed Green Coliseum,University of Southern Mississippi,Hattiesburg,MS,C-USA,8095,1965,16,18,7,11,68.3,73.8,-4.26,1.31,0,14,29958,2139.857,11842
Dale F. Halton Arena,University of North Carolina at Charlotte,Charlotte,NC,C-USA,9105,1996,6,23,2,16,69.6,80,-10.13,0.27,0,15,60126,4008.4,23098
Murphy Center,Middle Tennessee State University,Murfreesboro,TN,C-USA,11520,1972,25,8,16,2,74.2,66.8,10.29,2.83,0,14,94837,6774.071,16575
UNT Coliseum,University of North Texas,Denton,TX,C-USA,10032,1973,20,18,8,10,72.8,71.2,1.16,-0.4,0,20,52887,2644.35,28602
Don Haskins Center,The University of Texas at El Paso,El Paso,TX,C-USA,12222,1976,11,20,6,12,66.5,71.6,-5.3,-0.2,0,17,104637,6155.118,15436
Tudor Fieldhouse,Rice University,Houston,TX,C-USA,5750,1950,7,24,4,14,67.3,75.9,-8.63,-0.04,0,15,34430,2295.333,6697
Convocation Center,The University of Texas at San Antonio,San Antonio,TX,C-USA,4080,1975,20,15,11,7,75.9,76.2,-1.24,-0.93,0,16,18341,1146.313,23406
Ted Constant Convocation Center,Old Dominion University,Norfolk,VA,C-USA,8472,2002,25,7,15,3,73.3,62.8,9.27,-1.27,0,14,88851,6346.5,16668
Cam Henderson Center,Marshall University,Huntington,WV,C-USA,9048,1981,25,11,12,6,83.2,79.4,4.21,0.44,1,17,93253,5485.471,9975
UIC Pavilion,University of Illinois at Chicago,Chicago,IL,Horizon,6958,1982,20,16,12,6,74.9,73.6,-2.91,-4.21,0,18,36549,2030.5,25927
Indiana Farmers Coliseum,Indiana University-Purdue University-Indianapolis,Indianapolis,IN,Horizon,6841,1939,11,19,8,10,67.3,73.6,-9.82,-3.53,0,13,13737,1056.692,22305
BB&T Arena,Northern Kentucky University,Highland Heights,KY,Horizon,9400,2008,22,10,15,3,76,67.1,4.83,-4.07,0,14,57891,4135.071,9740
Calihan Hall,University of Detroit Mercy,Detroit,MI,Horizon,8295,1952,8,24,4,14,76,86.4,-12.47,-2.07,0,15,18614,1240.933,3943
Athletics Center O'rena,Oakland University,Rochester,MI,Horizon,4005,1998,19,14,10,8,78.2,76.2,-1.82,-3.76,0,15,47453,3163.533,14358
Wolstein Center,Cleveland State University,Cleveland,OH,Horizon,13610,1991,12,23,6,12,68,75.2,-10.82,-3.64,0,14,18946,1353.286,11330
Nutter Center,Wright State University-Main Campus,Fairborn,OH,Horizon,10400,1990,25,10,14,4,70.6,66.4,0.58,-3.64,1,16,68866,4304.125,10780
Beeghly Center,Youngstown State University,Youngstown,OH,Horizon,6500,1972,8,24,6,12,72.8,83.9,-13.66,-2.56,0,12,35930,2994.167,9564
Resch Center,University of Wisconsin-Green Bay,Ashwaubenon,WI,Horizon,9729,2002,13,20,7,11,74.2,78.6,-8.51,-4.08,0,16,39601,2475.063,4199
UW?Milwaukee Panther Arena,University of Wisconsin-Milwaukee,Milwaukee,WI,Horizon,10783,1950,16,17,8,10,68.4,68.3,-4.15,-4.25,0,16,24273,1517.063,19726
Payne Whitney Gymnasium,Yale University,New Haven,CT,Ivy,2532,1932,16,15,9,5,73.5,74.9,-4.19,-2.83,0,12,15675,1306.25,12878
Lavietes Pavilion,Harvard University,Allston,MA,Ivy,2195,1982,18,14,12,2,68,66.6,-0.28,-1.7,0,11,16623,1511.182,20918
Leede Arena,Dartmouth College,Hanover,NH,Ivy,2100,1986,7,20,3,11,67.8,74.1,-10.31,-4,0,12,10423,868.583,6389
Jadwin Gymnasium,Princeton University,Princeton,NJ,Ivy,6854,1969,13,16,5,9,72.1,72.6,-2.44,-1.97,0,12,24058,2004.833,8139
Newman Arena,Cornell University,Ithaca,NY,Ivy,4473,1990,12,16,6,8,75.2,80.8,-8.8,-3.24,0,12,16166,1347.167,22923
Levien Gymnasium,Columbia University in the City of New York,New York,NY,Ivy,3408,1974,8,19,5,9,76,78.6,-5.64,-3.02,0,12,19048,1587.333,25404
Palestra,University of Pennsylvania,Philadelphia,PA,Ivy,8722,1927,24,9,12,2,75.2,69.8,2.24,-3.17,1,16,58348,3646.75,21599
Pizzitola Sports Center,Brown University,Providence,RI,Ivy,2800,1989,11,16,4,10,75.9,79,-7.78,-4.67,0,13,11474,882.615,9495
Webster Bank Arena,Fairfield University,Bridgeport,CT,MAAC,9000,2001,17,16,9,9,75.9,77.2,-4.98,-3.68,0,13,17518,1347.538,4355
TD Bank Sports Center,Quinnipiac University,Hamden,CT,MAAC,3570,2007,12,21,7,11,71.6,76.7,-9.5,-4.44,0,12,19055,1587.917,8522
Yanitelli Center,Saint Peter's University,Jersey City,NJ,MAAC,3200,1975,14,18,6,12,65.2,66,-5.24,-4.36,0,12,7799,649.917,2624
Alumni Gymnasium,Rider University,Lawrenceville,NJ,MAAC,1950,1958,22,10,15,3,81.9,78.3,0.98,-2.62,0,13,20201,1553.923,4070
OceanFirst Bank Center,Monmouth University,West Long Branch,NJ,MAAC,4100,2009,11,20,7,11,75.4,76.5,-2.41,-1.24,0,12,28399,2366.583,5156
Times Union Center,Siena College,Albany,NY,MAAC,15229,1990,8,24,4,14,67.7,75.2,-10.46,-2.99,0,16,95490,5968.125,3090
Draddy Gymnasium,Manhattan College,Bronx,NY,MAAC,2345,1978,14,17,9,9,69.3,70.2,-5.05,-4.15,0,11,12044,1094.909,3951
Koessler Athletic Center,Canisius College,Buffalo,NY,MAAC,2176,1968,21,12,15,3,76.3,71.1,0.44,-4.8,0,14,17931,1280.786,2795
Gallagher Center,Niagara University,Lewiston,NY,MAAC,2400,1949,19,14,12,6,83.3,83.9,-4.84,-4.21,0,15,17227,1148.467,3304
Hynes Athletic Center,Iona College,New Rochelle,NY,MAAC,2611,1974,20,14,11,7,79.5,76.5,0.76,-2.19,1,11,18013,1637.545,3290
McCann Field House,Marist College,Poughkeepsie,NY,MAAC,3200,1977,6,25,4,14,72.2,81.1,-12.48,-3.57,0,13,15916,1224.308,5393
Convocation Center,Northern Illinois University,DeKalb,IL,MAC,10000,2002,13,19,6,12,71.5,76.5,-6.71,-1.71,0,15,14975,998.333,13879
John E. Worthen Arena,Ball State University,Muncie,IN,MAC,11500,1991,19,13,10,8,75.1,74.4,-1.22,-1.99,0,16,59534,3720.875,16440
University Arena,Western Michigan University,Kalamazoo,MI,MAC,5421,1957,17,15,9,9,73.7,73.9,-2.22,-1.99,0,16,35608,2225.5,16173
McGuirk Arena,Central Michigan University,Mount Pleasant,MI,MAC,5300,1973,21,15,7,11,76.8,74.9,-1.39,-3.24,0,16,34108,2131.75,17343
Convocation Center,Eastern Michigan University,Ypsilanti,MI,MAC,8824,1998,22,13,11,7,70.1,67.5,-0.23,-2.81,0,17,25920,1524.706,13336
Alumni Arena,University at Buffalo,Amherst,NY,MAC,6100,1982,27,9,15,3,84.5,76.8,7.99,0.25,1,15,53548,3569.867,25707
James A. Rhodes Arena,University of Akron Main Campus,Akron,OH,MAC,5500,1983,14,18,6,12,71.3,76.2,-6.82,-1.92,0,16,45191,2824.438,15626
Convocation Center,Ohio University-Main Campus,Athens,OH,MAC,13080,1968,14,17,7,11,75.6,76.5,-2.52,-1.65,0,16,89566,5597.875,20805
Stroh Center,Bowling Green State University-Main Campus,Bowling Green,OH,MAC,4700,2011,16,16,7,11,74.1,77.6,-6.38,-2.88,0,15,28756,1917.067,14430
Memorial Athletic and Convocation Center,Kent State University at Kent,Kent,OH,MAC,6327,1950,17,17,9,9,72.5,74.5,-3.72,-1.75,0,16,44796,2799.75,22247
Millett Hall,Miami University-Oxford,Oxford,OH,MAC,6400,1968,16,18,8,10,69.3,71.7,-3.56,-1.15,0,14,23389,1670.643,17602
Savage Arena,University of Toledo,Toledo,OH,MAC,7300,1976,23,11,13,5,79.2,74.8,2.65,-1.75,0,16,67834,4239.625,16162
Burr Gymnasium,Howard University,Washington,DC,MEAC,2700,1963,10,23,7,9,73.9,81.5,-17.26,-9.75,0,11,14441,1312.818,8643
Memorial Hall,Delaware State University,Dover,DE,MEAC,3000,1982,4,28,2,14,63.2,78.4,-24.59,-9.32,0,13,8511,654.692,3834
Moore Gymnasium,Bethune-Cookman University,Daytona,FL,MEAC,3000,1953,18,14,12,4,80.6,80.3,-12.21,-12.48,0,13,10099,776.846,3880
Teaching Gym,Florida Agricultural and Mechanical University,Tallahassee,FL,MEAC,9639,2009,9,25,7,9,68.7,79.5,-19.22,-8.34,0,10,21885,2188.5,8518
Tiger Arena,Savannah State University,Savannah,GA,MEAC,6000,2000,15,17,12,4,84.7,95,-15.36,-5.06,0,12,22390,1865.833,3801
Physical Education Complex,Coppin State University,Baltimore,MD,MEAC,4100,2009,5,27,5,11,60.8,74.5,-20.97,-7.25,0,10,11466,1146.6,2004
Talmadge L. Hill Field House,Morgan State University,Baltimore,MD,MEAC,4250,1975,13,18,7,8,71.9,75.6,-15.67,-11.97,0,10,22936,2293.6,6807
Hytche Athletic Center,University of Maryland Eastern Shore,Princess Anne,MD,MEAC,5500,1999,7,25,3,13,60.8,77.8,-24.63,-7.57,0,11,18169,1651.727,2987
McLendon?McDougald Gymnasium,North Carolina Central University,Durham,NC,MEAC,3056,1955,19,16,9,7,69.6,70.5,-13.19,-12.31,1,14,17687,1263.357,6634
Corbett Sports Center,North Carolina A & T State University,Greensboro,NC,MEAC,5700,1978,20,15,11,5,72.8,74.2,-12.57,-11.2,0,12,27338,2278.167,10248
SHM Memorial Center,South Carolina State University,Orangeburg,SC,MEAC,3200,1968,10,22,6,10,72.1,83.5,-20.18,-8.78,0,13,4147,319,2521
Hampton Convocation Center,Hampton University,Hampton,VA,MEAC,7200,1993,18,16,11,4,77.7,77,-8.85,-9.57,0,14,58869,4204.929,4252
Joseph G. Echols Memorial Hall,Norfolk State University,Norfolk,VA,MEAC,7000,1982,14,19,11,5,71.3,74.1,-12.98,-10.18,0,14,23834,1702.429,4442
McLeod Center,University of Northern Iowa,Cedar Falls,IA,Missouri Valley,6650,2006,16,16,7,11,63.5,63.3,4.01,3.87,0,16,65442,4090.125,9637
Knapp Center,Drake University,Des Moines,IA,Missouri Valley,7152,1992,17,17,10,8,72.9,74,-0.51,0.59,0,14,44735,3195.357,3834
SIU Arena,Southern Illinois University-Carbondale,Carbondale,IL,Missouri Valley,8339,1964,20,13,11,7,70,69.3,1.37,0.65,0,16,63470,3966.875,11877
Joseph J. Gentile Arena,Loyola University Chicago,Chicago,IL,Missouri Valley,4486,1996,32,6,15,3,70.9,62.4,10.38,1.81,1,15,36073,2404.867,14600
Redbird Arena,Illinois State University,Normal,IL,Missouri Valley,10200,1989,18,15,10,8,71.2,73.8,1.08,3.67,0,14,71992,5142.286,18368
Carver Arena,Bradley University,Peoria,IL,Missouri Valley,11164,1982,20,13,9,9,67,65.3,2.08,0.36,0,15,85489,5699.267,4986
Ford Center,University of Evansville,Evansville,IN,Missouri Valley,10000,2011,17,15,7,11,63.9,64.6,0.69,1.35,0,17,64296,3782.118,2195
Hulman Center,Indiana State University,Terre Haute,IN,Missouri Valley,10200,1973,13,18,8,10,72.2,73.1,1.54,2.43,0,15,55132,3675.467,10330
Athletics?Recreation Center,Valparaiso University,Valparaiso,IN,Missouri Valley,5000,1984,15,17,6,12,69.4,69.7,0.63,0.93,0,14,38111,2722.214,3645
JQH Arena,Missouri State University-Springfield,Springfield,MO,Missouri Valley,11000,2008,18,15,7,11,69.8,67.2,3.08,0.45,0,15,67764,4517.6,16867
Save Mart Center,California State University-Fresno,Fresno,CA,Mountain West,15544,2003,21,11,11,7,75.7,69.3,8.17,1.84,0,17,102554,6032.588,21546
Viejas Arena,San Diego State University,San Diego,CA,Mountain West,12414,1997,22,11,11,7,76.7,68.4,12.23,3.91,1,15,170163,11344.2,30090
Event Center Arena,San Jose State University,San Jose,CA,Mountain West,5000,1989,4,26,1,17,64.7,76.4,-8.74,2.91,0,14,23737,1695.5,27407
Clune Arena,United States Air Force Academy,Colorado Springs,CO,Mountain West,5858,1968,12,19,6,12,66.7,72.7,-4.31,1.72,0,16,32644,2040.25,4276
Moby Arena,Colorado State University-Fort Collins,Fort Collins,CO,Mountain West,8745,1966,11,21,4,14,71.8,79.5,-3.86,3.79,0,16,53455,3340.938,25327
Taco Bell Arena,Boise State University,Boise,ID,Mountain West,12480,1982,23,9,13,5,77.4,69.2,11.21,3.05,0,16,107959,6747.438,13545
Dreamstyle Arena,University of New Mexico-Main Campus,Albuquerque,NM,Mountain West,15411,1966,19,15,12,6,80.2,77.7,5.81,3.3,0,17,185013,10883.118,18448
Thomas & Mack Center,University of Nevada-Las Vegas,Paradise,NV,Mountain West,18776,1983,20,13,8,10,83.4,78.1,7.2,1.87,0,18,181676,10093.111,21703
Lawlor Events Center,University of Nevada-Reno,Reno,NV,Mountain West,11536,1983,29,8,15,3,82.6,73.1,14.44,4.93,1,15,135725,9048.333,17053
Smith Spectrum,Utah State University,Logan,UT,Mountain West,10270,1968,17,17,8,10,72.5,72.8,2.31,2.65,0,15,104159,6943.933,18277
Arena-Auditorium,University of Wyoming,Laramie,WY,Mountain West,15028,1982,20,13,10,8,79.7,79,4.26,3.54,0,16,80159,5009.938,9803
William H. Pitt Center,Sacred Heart University,Fairfield,CT,Northeast,2062,1997,10,21,5,13,68.2,72.6,-11.38,-6.98,0,14,6198,442.714,6068
William H. Detrick Gymnasium,Central Connecticut State University,New Britain,CT,Northeast,2654,1965,14,18,7,11,67.8,71.9,-11.62,-7.59,0,12,17142,1428.5,8253
Knott Arena,Mount St. Mary's University,Emmitsburg,MD,Northeast,3121,1987,18,14,12,6,71.7,71.8,-8.15,-8.05,0,14,30307,2164.786,1922
Rothman Center,Fairleigh Dickinson University-Metropolitan Campus,Hackensack,NJ,Northeast,5000,1987,13,18,9,9,72.7,77.4,-10.42,-5.66,0,13,6691,514.692,3120
"Wellness, Recreation & Athletics Center",LIU Brooklyn,Brooklyn,NY,Northeast,2500,2006,18,17,10,8,76.2,76.6,-8.61,-8.19,1,16,15834,989.625,5133
Generoso Pope Athletic Complex,St Francis College,Brooklyn,NY,Northeast,1200,1971,13,18,10,8,71.3,76.2,-12.25,-7.32,0,13,5964,458.769,2147
Spiro Sports Center,Wagner College,Staten Island,NY,Northeast,2100,1999,23,10,14,4,73.1,69.4,-3.19,-6.9,0,17,24104,1417.882,1968
DeGol Arena,Saint Francis University,Loretto,PA,Northeast,3500,1972,18,13,12,6,77.3,76.7,-6.13,-6.71,0,14,13023,930.214,1805
UPMC Events Center,Robert Morris University,Pittsburgh,PA,Northeast,4000,2019,16,17,9,9,68.8,70.7,-7.99,-6.11,0,12,9190,765.833,3840
Chace Athletic Center,Bryant University,Smithfield,RI,Northeast,2700,2001,3,28,2,16,70,83.3,-18.75,-5.43,0,12,7619,634.917,3553
Pete Mathews Coliseum,Jacksonville State University,Jacksonville,AL,Ohio Valley,5300,1974,23,13,11,7,71.1,66.5,-0.3,-4.87,0,16,27993,1749.563,5756
Lantz Arena,Eastern Illinois University,Charleston,IL,Ohio Valley,5300,1967,12,19,7,11,65.3,70.3,-8.33,-3.4,0,13,15814,1216.462,4996
Vadalabene Center,Southern Illinois University-Edwardsville,Edwardsville,IL,Ohio Valley,4000,1984,9,21,5,13,69.7,78.7,-12.43,-3.36,0,13,16496,1268.923,10775
Ellis Johnson Arena,Morehead State University,Morehead,KY,Ohio Valley,6500,1981,8,21,4,14,68.7,77.4,-10.65,-1.91,0,13,37866,2912.769,6063
CFSB Center,Murray State University,Murray,KY,Ohio Valley,8602,1998,26,6,16,2,77.1,66.7,6.87,-3.53,1,16,60801,3800.063,7118
Alumni Coliseum,Eastern Kentucky University,Richmond,KY,Ohio Valley,6500,1963,11,20,5,13,70.1,77,-10.57,-3.68,0,13,21170,1628.462,11485
Show Me Center,Southeast Missouri State University,Cape Girardeau,MO,Ohio Valley,6972,1987,14,17,8,10,75.6,78.8,-8.13,-4.88,0,14,17526,1251.857,8149
Dunn Center,Austin Peay State University,Clarksville,TN,Ohio Valley,9000,1975,19,15,12,6,72.3,73.1,-3.28,-2.49,0,17,31908,1876.941,7340
Eblen Center,Tennessee Technological University,Cookeville,TN,Ohio Valley,9282,1977,19,14,10,8,71.4,73.7,-5.83,-3.54,0,14,27624,1973.143,8552
Tom and Kathleen Elam Center,The University of Tennessee-Martin,Martin,TN,Ohio Valley,5000,1969,10,21,5,13,66.3,71.9,-10.51,-4.96,0,14,21050,1503.571,5012
Curb Event Center,Belmont University,Nashville,TN,Ohio Valley,5085,2003,24,9,15,3,77.6,69.2,5.54,-2.88,0,16,38543,2408.938,7270
Gentry Complex,Tennessee State University,Nashville,TN,Ohio Valley,10500,1980,15,15,10,8,65.6,68,-5.34,-2.98,0,14,26652,1903.714,6129
Wells Fargo Arena,Arizona State University-Tempe,Tempe,AZ,Pac-12,10754,1974,20,12,8,10,82.7,74.8,14.37,6.56,1,17,180251,10603,45522
McKale Center,University of Arizona,Tucson,AZ,Pac-12,14545,1973,27,8,14,4,80.5,71.7,15.67,6.84,1,16,230947,14434.188,36449
Haas Pavilion,University of California-Berkeley,Berkeley,CA,Pac-12,11877,1933,8,24,2,16,67.5,77,-3.4,6.06,0,17,125386,7375.647,38952
Pauley Pavilion,University of California-Los Angeles,Los Angeles,CA,Pac-12,13800,1965,21,12,11,7,81.2,76,12.07,6.86,1,16,137919,8619.938,42454
Galen Center,University of Southern California,Los Angeles,CA,Pac-12,10258,2006,24,12,12,6,77.7,71.2,12.82,6.29,0,18,74712,4150.667,39281
Maples Pavilion,Stanford University,Stanford,CA,Pac-12,7329,1969,19,16,11,7,75.9,74.9,8.08,7.14,0,18,75050,4169.444,16189
CU Events Center,University of Colorado Boulder,Boulder,CO,Pac-12,11064,1979,17,15,8,10,72.1,73,6.07,7,0,15,111733,7448.867,29656
Gill Coliseum,Oregon State University,Corvallis,OR,Pac-12,9604,1949,16,16,7,11,73.1,70.3,7.32,4.57,0,17,86130,5066.471,22402
Matthew Knight Arena,University of Oregon,Eugene,OR,Pac-12,12369,2011,23,13,10,8,78.3,72.4,10.7,4.84,0,19,158616,8348.211,20944
Jon M. Huntsman Center,University of Utah,Salt Lake City,UT,Pac-12,15000,1969,23,12,11,7,73.5,68.5,11.4,6.4,0,17,199077,11710.412,24275
Beasley Coliseum,Washington State University,Pullman,WA,Pac-12,11671,1973,12,19,4,14,73.2,77.8,0.67,5.22,0,16,46177,2886.063,25851
Alaska Airlines Arena at Hec Edmundson Pavilion,University of Washington-Seattle Campus,Seattle,WA,Pac-12,10000,1927,21,13,10,8,74.6,73,7.65,6.06,0,20,135884,6794.2,40750
Bender Arena,American University,Washington,DC,Patriot,4500,1988,6,24,3,15,65.4,73.8,-14.63,-6.17,0,12,9135,761.25,10984
Case Gym,Boston University,Boston,MA,Patriot,1800,1972,15,16,10,8,70.1,72.6,-8.34,-5.84,0,13,9024,694.154,26986
Hart Center,College of the Holy Cross,Worcester,MA,Patriot,3600,1975,12,19,8,10,63.6,67.7,-9.93,-5.83,0,13,21340,1641.538,2827
Alumni Hall,United States Naval Academy,Annapolis,MD,Patriot,5710,1991,20,12,11,7,67.4,67.1,-6.93,-7.22,0,15,23710,1580.667,4495
Reitz Arena,Loyola University Maryland,Baltimore,MD,Patriot,3000,1984,9,22,6,12,68.6,76,-12.72,-5.25,0,14,9809,700.643,4339
Cotterell Court,Colgate University,Hamilton,NY,Patriot,1750,1959,19,14,12,6,71.6,70.7,-4.86,-5.73,0,16,10448,653,2858
Christl Arena,United States Military Academy,West Point,NY,Patriot,5043,1985,13,17,6,12,73.7,75.2,-8.62,-7.17,0,11,13788,1253.455,4491
Stabler Arena,Lehigh University,Bethlehem,PA,Patriot,6000,1979,16,14,11,7,77.3,78,-6.42,-5.66,0,15,16143,1076.2,6233
Kirby Sports Center,Lafayette College,Easton,PA,Patriot,3500,1973,10,21,7,11,70.8,74.6,-9.78,-6.04,0,14,18584,1327.429,2551
Sojka Pavilion,Bucknell University,Lewisburg,PA,Patriot,4000,2003,25,10,16,2,81.1,73.1,4.48,-3.46,1,16,42689,2668.063,3628
Auburn Arena,Auburn University,Auburn,AL,SEC,9121,2010,26,8,13,5,81.9,73.2,15.97,7.29,1,16,131537,8221.063,25158
Coleman Coliseum,The University of Alabama,Tuscaloosa,AL,SEC,15383,1968,20,16,8,10,72.3,70.6,12.34,10.64,1,17,227640,13390.588,33298
Bud Walton Arena,University of Arkansas,Fayetteville,AR,SEC,19368,1993,23,12,10,8,80.5,75.6,14.76,9.85,1,17,275084,16181.412,22144
O'Connell Center,University of Florida,Gainesville,FL,SEC,12000,1980,21,13,11,7,75.8,69.2,16.67,10.08,1,17,165446,9732.118,43861
Stegeman Coliseum,University of Georgia,Athens,GA,SEC,10523,1964,18,15,7,11,68.1,66.7,10.24,8.87,0,15,123207,8213.8,33967
Rupp Arena,University of Kentucky,Lexington,KY,SEC,23500,1976,26,11,10,8,76.8,70.2,17.24,10.73,1,18,393743,21874.611,26396
Pete Maravich Assembly Center,Louisiana State University and Agricultural & Mechanical College,Baton Rouge,LA,SEC,13215,1972,18,15,8,10,77.5,74.6,10.93,8.03,0,18,162533,9029.611,26289
Mizzou Arena,University of Missouri-Columbia,Columbia,MO,SEC,15061,2004,20,13,10,8,72.9,68.3,13.81,9.19,1,16,240976,15061,26686
The Pavilion at Ole Miss,University of Mississippi,Oxford,MS,SEC,9500,2016,12,20,5,13,75.8,78.1,6.85,9.16,0,18,123883,6882.389,20738
Humphrey Coliseum,Mississippi State University,Starkville,MS,SEC,10575,1975,25,12,9,9,72.8,67.9,11.71,6.82,0,21,146271,6965.286,18775
Colonial Life Arena,University of South Carolina-Columbia,Columbia,SC,SEC,18000,2002,17,16,7,11,70,69.8,9.45,9.23,0,15,189265,12617.667,31071
Thompson?Boling Arena,The University of Tennessee-Knoxville,Knoxville,TN,SEC,21678,1987,26,9,13,5,73.8,65.7,18.2,10.12,1,15,243148,16209.867,24729
Memorial Gymnasium,Vanderbilt University,Nashville,TN,SEC,14316,1952,12,20,6,12,72.4,74,8.52,10.14,0,18,164845,9158.056,11782
Reed Arena,Texas A & M University-College Station,College Station,TX,SEC,12989,1998,22,13,9,9,75.2,70.5,15.3,10.62,1,16,146040,9127.5,58523
Pete Hanna Center,Samford University,Homewood,AL,Southern,4974,2007,10,22,6,12,76.2,83.9,-11.1,-3.37,0,14,16237,1159.786,5190
Hawkins Arena,Mercer University,Macon,GA,Southern,3500,2004,19,15,11,7,73.8,71.2,-0.87,-3.5,0,14,42763,3054.5,6967
Ramsey Center,Western Carolina University,Cullowhee,NC,Southern,7826,1986,13,19,8,10,66.9,77.1,-11.9,-1.63,0,13,18448,1419.077,8807
Greensboro Coliseum,University of North Carolina at Greensboro,Greensboro,NC,Southern,7613,1959,27,8,15,3,71.9,63.5,4.54,-3.87,1,17,43728,2572.235,15788
McAlister Field House,Citadel Military College of South Carolina,Charleston,SC,Southern,6000,1939,11,21,5,13,79.4,90.1,-13.63,-2.94,0,15,11357,757.133,2753
Timmons Arena,Furman,Greenville,SC,Southern,4000,1998,23,10,13,5,77.9,69.8,4.43,-3.64,0,16,25666,1604.125,2710
Jerry Richardson Indoor Stadium,Wofford College,Spartanburg,SC,Southern,3400,2017,21,13,11,7,73.4,71.9,-0.96,-2.45,0,17,35898,2111.647,1663
McKenzie Arena,The University of Tennessee-Chattanooga,Chattanooga,TN,Southern,10928,1982,10,23,3,15,67.7,74.8,-11.09,-4.05,0,16,50811,3175.688,9658
Freedom Hall Civic Center,East Tennessee State University,Johnson City,TN,Southern,6149,1974,25,9,14,4,74.3,66.5,3.72,-4.09,0,16,71034,4439.625,11532
Cameron Hall,Virginia Military Institute,Lexington,VA,Southern,5800,1981,9,21,4,14,63.7,74.9,-15.43,-4.25,0,14,22407,1600.5,1722
Farris Center,University of Central Arkansas,Conway,AR,Southland,6000,1972,18,17,10,8,80,79.9,-5.83,-5.97,0,14,19833,1416.643,8850
University Center,Southeastern Louisiana University,Hammond,LA,Southland,7500,1982,22,12,15,3,69.5,69.7,-6.4,-6.2,0,13,10881,837,9359
Health and Human Performance Education Complex,McNeese State University,Lake Charles,LA,Southland,4200,2018,12,17,8,10,72.4,78.4,-12.06,-6.1,0,12,9527,793.917,5897
Prather Coliseum,Northwestern State University of Louisiana,Natchitoches,LA,Southland,3900,1964,4,25,1,17,61.8,78.6,-21.02,-4.18,0,12,14161,1180.083,5685
Lakefront Arena,University of New Orleans,New Orleans,LA,Southland,8933,1983,16,17,11,7,67.6,70.9,-9.01,-5.78,0,13,11230,863.846,5479
Stopher Gymnasium,Nicholls State University,Thibodaux,LA,Southland,3800,1967,21,11,15,3,79.4,77,-3.54,-5.86,0,15,6266,417.733,4886
Moody Coliseum,Abilene Christian University,Abilene,TX,Southland,4600,1968,16,16,8,10,70.8,73.1,-9.14,-6.82,0,15,18702,1246.8,3846
Montagne Center,Lamar University,Beaumont,TX,Southland,10746,1984,19,14,11,7,73.1,71.1,-5.19,-7.22,0,15,23400,1560,6520
American Bank Center Arena,Texas A & M University-Corpus Christi,Corpus Christi,TX,Southland,8000,2004,11,18,8,10,67,72.8,-12.3,-6.56,0,13,20801,1600.077,9791
Sharp Gymnasium,Houston Baptist University,Houston,TX,Southland,1000,1963,6,25,2,16,74.2,86.4,-16.14,-3.96,0,13,8842,680.154,2478
Bernard Johnson Coliseum,Sam Houston State University,Huntsville,TX,Southland,6100,1976,21,15,12,6,70.3,70.7,-5.14,-4.8,0,16,15105,944.063,15419
William R. Johnson Coliseum,Stephen F Austin State University,Nacogdoches,TX,Southland,7203,1974,28,7,14,4,77.6,68.5,2.67,-6.46,1,17,64301,3782.412,10126
McDermott Center,University of the Incarnate Word,San Antonio,TX,Southland,2000,1989,7,21,2,16,67.5,80.1,-17.71,-5.04,0,15,16437,1095.8,6388
Magness Arena,University of Denver,Denver,CO,Summit,7200,1999,15,15,8,6,71.3,73.9,-5.22,-2.54,0,14,16858,1204.143,8444
Western Hall,Western Illinois University,Macomb,IL,Summit,5139,1964,12,16,3,11,66.8,75.6,-11.07,-2.28,0,16,9640,602.5,7631
Hilliard Gates Sports Center,Indiana University-Purdue University-Fort Wayne,Fort Wayne,IN,Summit,2300,1981,18,15,7,7,79.7,78,-1.49,-3.24,0,16,22458,1403.625,6024
Scheels Center,University of Nebraska at Omaha,Fargo,ND,Summit,5700,2016,15,17,5,9,72.2,72.5,-1.86,-1.58,0,14,38601,2757.214,10850
Baxter Arena,North Dakota State University-Main Campus,Omaha,NE,Summit,7500,2015,9,22,4,10,75,85.2,-9.88,0.33,0,12,28400,2366.667,11768
Mabee Center,Oral Roberts University,Tulsa,OK,Summit,10554,1972,11,21,5,9,71,78.7,-6.67,1.05,0,13,31352,2411.692,3220
Frost Arena,South Dakota State University,Brookings,SD,Summit,6500,1973,28,7,13,1,83,75.8,6.84,-0.38,1,15,34383,2292.2,8973
Sanford Coyote Sports Center,University of South Dakota,Vermillion,SD,Summit,6000,2016,26,9,11,3,79.5,70.8,6.17,-2.6,0,15,34036,2269.067,6198
Mitchell Center,University of South Alabama,Mobile,AL,Sun Belt,10041,1998,14,18,7,11,68.6,71.2,-5.43,-2.87,0,15,31323,2088.2,12709
Trojan Arena,Troy University,Troy,AL,Sun Belt,5200,2012,16,17,9,9,73.8,73.2,-1.5,-2.11,0,14,29221,2087.214,10665
First National Bank Arena,Arkansas State University-Main Campus,Jonesboro,AR,Sun Belt,10563,1987,11,21,6,12,72.7,79.3,-9.65,-3.02,0,14,29800,2128.571,7597
Jack Stephens Center,University of Arkansas at Little Rock,Little Rock,AR,Sun Belt,5600,2005,7,25,4,14,62.2,70.4,-10.44,-2.21,0,15,32488,2165.867,5886
GSU Sports Arena,Georgia State University,Atlanta,GA,Sun Belt,3854,1973,24,11,12,6,73.8,67.8,3.23,-2.78,1,14,21660,1547.143,24989
Hanner Fieldhouse,Georgia Southern University,Statesboro,GA,Sun Belt,4325,1969,21,12,11,7,73.8,71,-0.54,-3.28,0,13,24252,1865.538,16873
Cajundome,University of Louisiana at Lafayette,Lafayette,LA,Sun Belt,13500,1985,27,7,16,2,81.8,71.7,7.58,-2.54,0,15,63278,4218.533,13691
Fant?Ewing Coliseum,University of Louisiana at Monroe,Monroe,LA,Sun Belt,7085,1971,16,16,9,9,67.6,70.6,-6.27,-3.31,0,16,25261,1578.813,6016
George M. Holmes Convocation Center,Appalachian State University,Boone,NC,Sun Belt,8325,2000,15,18,9,9,73.9,76,-4.81,-2.65,0,13,16490,1268.462,17021
HTC Center,Coastal Carolina University,Conway,SC,Sun Belt,3600,2012,14,18,8,10,70.4,72,-3.91,-2.4,0,16,21650,1353.125,9209
College Park Center,The University of Texas at Arlington,Arlington,TX,Sun Belt,7000,2012,21,13,10,8,77.8,74.2,2.2,-1.43,0,15,35171,2344.733,22090
Strahan Coliseum,Texas State University,San Marcos,TX,Sun Belt,7200,1982,15,18,7,11,64.7,67.1,-5.83,-3.44,0,14,28518,2037,30599
Dunn?Oliver Acadome,Alabama State University,Montgomery,AL,SWAC,7400,1992,8,23,8,10,68.7,78.6,-18.55,-8.62,0,11,14257,1296.091,4191
Elmore Gymnasium,Alabama A & M University,Normal,AL,SWAC,6000,1973,3,28,3,15,60.4,76.4,-23.97,-8.04,0,11,13301,1209.182,5335
K. L. Johnson Complex,University of Arkansas at Pine Bluff,Pine Bluff,AR,SWAC,4500,1982,14,21,12,6,65.9,71.4,-14.84,-9.36,0,10,35043,3504.3,2375
F. G. Clark Center,Southern University and A & M College,Baton Rouge,LA,SWAC,7500,1975,15,18,10,8,67.4,72.4,-14.54,-9.57,0,14,15737,1124.071,5014
Fredrick C. Hobdy Assembly Center,Grambling State University,Grambling,LA,SWAC,7500,2007,17,14,13,5,71.5,74.2,-12.97,-10.3,0,10,13397,1339.7,4051
Harrison HPER Complex,Alcorn State University,Itta Bena,MS,SWAC,5000,1970,4,28,4,14,64.8,78.1,-21.41,-8.13,0,9,21089,2343.222,3083
Williams Assembly Center,Mississippi Valley State University,Jackson,MS,SWAC,8000,1981,12,20,9,9,61.6,68.7,-17.66,-10.49,0,11,24922,2265.636,1797
Davey Whitney Complex,Jackson State University,Lorman,MS,SWAC,7000,1975,11,21,7,11,67.6,77,-18.07,-8.6,0,14,5806,414.714,6748
Health and Physical Education Arena,Texas Southern University,Houston,TX,SWAC,8100,1989,16,20,12,6,77.4,79.4,-7.53,-5.53,1,10,21385,2138.5,8363
William J. Nicks Building,Prairie View A & M University,Prairie View,TX,SWAC,6500,1968,16,18,12,6,74.2,76.6,-10.13,-7.71,0,11,17874,1624.909,7881
GCU Arena,Grand Canyon University,Phoenix,AZ,WAC,7500,2011,22,12,9,5,73.2,64.6,3.76,-4.81,0,19,132495,6973.421,16001
Icardo Center,California State University-Bakersfield,Bakersfield,CA,WAC,3800,1989,12,18,5,9,64.2,70.1,-6.58,-0.73,0,12,33547,2795.583,8418
Emil and Patricia Jones Convocation Center,Chicago State University,Chicago,IL,WAC,7000,2007,3,29,1,13,65.2,87.9,-21.53,1.17,0,11,4949,449.909,1942
Municipal Auditorium,University of Missouri-Kansas City,Kansas City,MO,WAC,9987,1936,10,22,5,9,68.2,77.4,-10.19,-1.02,0,14,16951,1210.786,9692
Pan American Center,New Mexico State University-Main Campus,Las Cruces,NM,WAC,12482,1968,28,6,12,2,75.4,65.2,9.06,-1.1,1,15,79409,5293.933,11175
UTRGV Fieldhouse,The University of Texas Rio Grande Valley,Edinburg,TX,WAC,2500,1969,15,18,6,8,74.5,79.3,-7.71,-2.84,0,16,13522,845.125,19860
UCCU Center,Utah Valley University,Orem,UT,WAC,8500,1996,23,11,10,4,76.5,69.6,5.08,-1.76,0,17,58027,3413.353,18543
Redhawk Center,Seattle University,Seattle,WA,WAC,999,1959,20,14,8,6,73.6,72.8,-2.32,-3.09,0,19,26313,1384.895,5727
Gersten Pavilion,Loyola Marymount University,Los Angeles,CA,West Coast,4156,1981,11,20,5,13,71.3,76.8,-4.38,1.09,0,14,17343,1238.786,8413
Firestone Fieldhouse,Pepperdine University,Malibu,CA,West Coast,3104,1973,6,26,2,16,70.2,78.5,-6.51,1.82,0,16,18498,1156.125,5728
McKeon Pavilion,Saint Mary's College of California,Moraga,CA,West Coast,3500,1978,30,6,16,2,77,64.5,12.86,0.33,0,20,59686,2984.3,3213
Jenny Craig Pavilion,University of San Diego,San Diego,CA,West Coast,5100,2000,20,14,9,9,69.4,67.1,2.86,0.49,0,19,34531,1817.421,7319
War Memorial Gymnasium,University of San Francisco,San Francisco,CA,West Coast,5300,1958,22,17,9,9,68.6,69.1,1.13,1.63,0,22,37834,1719.727,10065
Leavey Center,Santa Clara University,Santa Clara,CA,West Coast,4500,1975,11,20,8,10,64,71.6,-7.01,0.61,0,17,35733,2101.941,7383
Alex G. Spanos Center,University of the Pacific,Stockton,CA,West Coast,6150,1981,14,18,9,9,70.2,72.5,-0.55,1.8,0,16,32914,2057.125,5420
Chiles Center,University of Portland,Portland,OR,West Coast,4852,1984,10,22,4,14,66.7,75.7,-6.61,2.43,0,16,35134,2195.875,3909
Marriott Center,Brigham Young University-Provo,Provo,UT,West Coast,19000,1971,24,11,11,7,74.3,67.8,8.04,1.53,0,16,227692,14230.75,30037
McCarthey Athletic Center,Gonzaga University,Spokane,WA,West Coast,6000,2004,32,5,17,1,83.5,67.7,18.43,2.59,1,16,96000,6000,5705
